<?xml version="1.0"?>
<!DOCTYPE hibernate-mapping PUBLIC
"-//Hibernate/Hibernate Mapping DTD 3.0//EN"
"http://hibernate.sourceforge.net/hibernate-mapping-3.0.dtd">

<hibernate-mapping>

	<class name="com.deloitte.cms.model.EmployeeDetails"
	 table="hr.EmployeeDetails1">
	
		<id name="employeeId" type="int" column="EID">
			<generator class="assigned"/>
		</id>
		
		<property name="employeeName" column="EmpName"/>
		<property name="employeeSalary" column="Salary"/>
	    
	    <set name="employeeAddress" cascade="save-update" table="hr.EmpAddress1">
	<key column ="EID"></key>
	<many-to-many column ="AId" class="com.deloitte.cms.model.Address">
	</many-to-many>
	</set>
	</class>
	<class name="com.deloitte.cms.model.Address"
	 table="hr.Address1">
	
		<id name="aId" type="int" column="AId">
			<generator class="assigned"/>
		</id>
		
		<property name="city"/>
		<property name="state"/>
	
	</class>
</hibernate-mapping>