<?xml version="1.0"?>
<!DOCTYPE hibernate-mapping PUBLIC
"-//Hibernate/Hibernate Mapping DTD 3.0//EN"
"http://hibernate.sourceforge.net/hibernate-mapping-3.0.dtd">

<hibernate-mapping>

	<class name="com.deloitte.cms.model.Customer" table="hr.CustomerTypes"
	discriminator-value="MainCustomer">
	
		<id name="customerId" type="int" column="CID">
			<generator class="assigned"/>
		</id>
		
		<discriminator column = "CustTypes"></discriminator>
		<property name="customerName" column="CustName"/>
		<property name="customerAddress" column="CustAddress"/>
		<property name="billAmount"></property>
	<subclass name  = "com.deloitte.cms.model.PremiumCustomer"
	extends = "Customer"
	discriminator-value = "PremiumCust">
	
	<property name ="rewardPoints"/>
	</subclass>

	</class>
</hibernate-mapping>