<?xml version="1.0"?>
<!DOCTYPE hibernate-mapping PUBLIC
"-//Hibernate/Hibernate Mapping DTD 3.0//EN"
"http://hibernate.sourceforge.net/hibernate-mapping-3.0.dtd">

<hibernate-mapping>

	<class name="com.deloitte.cms.model.Customer" table="hr.ACustomer">
	
		<id name="customerId" type="int" column="CID">
			<generator class="assigned"/>
		</id>
		
		<property name="customerName" column="CustName"/>
		<property name="customerAddress" column="CustAddress"/>
		<property name="billAmount"></property>
		
		</class>
		
<joined-subclass name  = "com.deloitte.cms.model.PremiumCustomer"
	extends = "com.deloitte.cms.model.Customer"
	table ="hr.PremiumCust">
	<key column="customerId"></key>
	<property name ="rewardPoints"/>
	</joined-subclass>

	
</hibernate-mapping>