<?xml version="1.0"?>
<!DOCTYPE hibernate-mapping PUBLIC
"-//Hibernate/Hibernate Mapping DTD 3.0//EN"
"http://hibernate.sourceforge.net/hibernate-mapping-3.0.dtd">

<hibernate-mapping>
	<class name="onetomany.Customer" table="hr.BankCustomer">

		<id name="customerId" column="custid" />
		<property name="customerName" column="custname" length="10" />


		<set name="allCards" cascade="all">

			<key column="customerId" />
			<one-to-many class="onetomany.CreditCard" />

		</set>

	</class>
</hibernate-mapping>